epoch,train_accuracy,val_accuracy,epoch_training_loss
1,0.15000000596046448,0.1111111119389534,1.9205728769302368
2,0.15833333134651184,0.1111111119389534,1.860764503479004
